dest_id,dest_country,dest_name,dest_name_eng,dest_content,dest_reference,dest_money,dest_landscape,dest_fun,dest_tag,dest_img,dest_cnt,,dest_map
america_01,미국,벨라지오 분수,Fountains of Bellagio,"벨라지오 분수는 네바다 주 파라다이스 의 라스베이거스 스트립 에 위치한 벨라지오 리조트 의 무료 명소입니다 . 리조트 앞 8.5에이커(3.4ha) 규모의 인공호수에서 공연되는 음악분수 쇼 로 구성된다 . 쇼는 1,214개의 물 노즐과 4,792개의 조명을 사용합니다. 분수는 460피트 높이로 솟아오릅니다. 분수 쇼를 포함하는 뮤지컬 공연과 같은 행사를 주최하기 위해 때때로 무대가 호수에 세워집니다. 소유주인 Steve Wynn 이 고안했으며 디자인 회사인 WET 에서 제작했습니다 . 1995년 분수 쇼 작업이 시작되어 1998년 10월 15일 리조트와 함께 개장했습니다. 이 명소는 4천만 달러에 지어져 세계에서 가장 비싼 분수 중 하나가 되었습니다. 벨라지오 분수는 수많은 영화에 등장했습니다. 라스베이거스의 시그니처 명소이자 미국에서 가장 사진이 많이 찍히는 장소 중 하나입니다. 2009년까지 세계 최대 규모의 분수쇼였습니다.",위키백과,0.09696321,0.56244221,0.15599805,"분수, 음악, 아름답다, 밤, 호텔",https://youimg1.tripcdn.com/target/100d10000000otrtx3E8C_C_760_506.jpg,0,,america_bellagio-fountain_origin.csv
america_02,미국,그랜드 캐니언 국립공원,Grand Canyon National Park,"그랜드 캐니언 국립공원(Grand Canyon National Park)은 미국 애리조나주에 있는 국립공원이다. 미국의 국립공원 중에서 가장 규모가 크고 웅장하고 신비로운 대협곡(그랜드 캐니언)이 유명한 세계적인 관광지로 꼽히며, 음역어로 大峡谷国家公园(대협곡국가공원)이라고도 한다. 2016년 한해에 이 공원을 찾아온 방문자 수는 무려 600만 명에 이르렀다. 1,600m의 깊은 계곡에 흐르는 콜로라도 강을 사이에 두고 남쪽과 북쪽 양쪽으로 공원이 나뉜다. 북쪽의 공원을 노스림(North Rim)이라고 부르는데 이는 북쪽의 가장자리란 뜻이다. 남쪽 가장자리는 사우스림(South Rim)으로 불리는데 대부분의 관광객은 사우스림을 찾아온다. 그랜드 캐니언 국립공원의 면적은 1,904평방마일(4930km2)로 제주도 섬 전체 면적(1,846km2)의 2.7배에 해당되는 방대한 면적을 차지한다. 공원 지역 내에서의 콜로라도 강의 길이도 무려 277마일(443km)이 된다.세계적인 자연 경관의 대 협곡, 그랜드 캐니언을 국립공원으로 지정하려는 미국 정부의 노력은 1882년부터 시작되었으나 국립공원이 되기까지는 30여년의 오랜 시간이 걸렸다. 1903년 시어도어 루스벨트 대통령이 이곳을 방문해서 그랜드 캐니언을 보고 감격해서 아래와 같이 말했다.이와 같은 열정에도 불구하고 5년이 걸린 1908년에 와서야 그랜드 캐니언은 내셔널 모뉴먼트(National Monument)로 지정될 수 있었고 또 11년이 지난 1919년에 우드로 윌슨 대통령 재임 중 마침내 국립공원으로 승격되었다. 그랜드 캐니언 국립공원은 1979년에 유네스코 세계유산으로 지정되었다.공원은 1904평방마일(4930평방km)의 방대한 면적을 차지한다. 콜로라도 강을 사이에 두고 남과 북의 협곡으로 나뉘어 있다. 공원지역 내에서 콜로라도 강의 길이가 무려277마일(443km)로 한국의 한강 길이 (494km)에 가깝다. 캐니언의 폭은 제일 좁은 곳은 180m에서 제일 넓은 곳은 30km(600ft~18마일)까지 되며 협곡의 깊이는 약 1마일(1.6km)이 되는 협곡이다. 사우스림(South Rim)은 해발 2300m의 고원지대이며 강우량이 적은 편이나 노스림(Nouth Rim)은 해발 2700m가 되어 비교적 비와 눈이 많이 내린다. 따라서 북쪽 노스림은 남쪽의 사우스림보다 더",위키백과,0.56291141,0.49058814,0.24262073,"공원, 협곡, 자연, 풍경, 국립",https://youimg1.tripcdn.com/target/100w1d000001erh9d745F_C_760_506.jpg,0,,america_grandcanyon_origin.csv
america_03,미국,라스베이거스 스트립,Las Vegas Strip,"라스베이거스 스트립(Las Vegas Strip)은 네바다주 클라크군에 라스베가스 대로 남부의 대략 6.1km로 이어진 구간이다. 스트립은 패러다이스와 윈체스터에 걸쳐 있으며, 라스베이거스에 속하지 않는다.최대 규모의 호텔, 카지노와 세계의 리조트 대부분은 세계에서 유명한 라스베이거스 스트립에 위치해있다.",위키백과,0.59923067,0.53546415,0.40509948,"호텔, 밤, 도시, 거리, 아름답다",https://youimg1.tripcdn.com/target/100e1f000001gt1nv8EDC_C_760_506.jpg,0,,america_lasvegas-strip_origin.csv
america_04,미국,자유의 여신상,Statue of Liberty,"자유의 여신상(自由의 女神像,  영어: Statue of Liberty 스태추 오브 리버티 국립기념물, 프랑스어: Statue de la Liberté 스타튀 드 라 리베르테)은 미국 뉴욕 리버티섬에 있는 건축물로, 뉴욕을 상징하는 대표적인 건축물이며, 세계를 밝히는 자유(영어: Liberty Enlightening the World 리버티 인라이트닝 더 월드, 프랑스어: La liberté éclairant le monde 라 리베르테 에클레랑 르 몽드)라는 이름으로, 프랑스가 19세기 말에 미국의 독립 100주년을 축하하기 위해 제작한 동상이다.미국과 프랑스 국민들 간의 친목을 기념하고, 미국의 독립 100주년을 기념하기 위해 프랑스 국민들의 모금 운동으로 증정되었으며, 1886년에 완공되었다. 미국의 자유와 민주주의의 상징이자 19세기 이후 끊이지 않고 세계 각지에서 유입된 이민자에게 신천지의 상징이 되기도 했다. 1984년에는 유네스코 세계문화유산에 등록되었다.발코니까지 엘리베이터가 올라가며 거기에서부터 전망대인 머리부분까지는 나선형의 계단이 설치되어 있다. 여신상은 원래 등대였기 때문에 뉴욕 항을 향하고 있다. 횃불은 등대의 역할을 했었지만, 구름에 반사되어 선박 운항에 방해가 된다는 청원으로 등대의 기능은 없어지게 되었다.또, 시간이 지남에 따라 자유의 여신상에 녹이 스는 등의 문제가 발생하여 자유의 여신상 수리 작업이 국가적 사업으로 추진되는 일도 생겼다. 이때, 공사기간은 최소 1~2년이 걸렸다고 알려졌다.",위키백과,0.29321078,0.3501719,0.60713816,"섬, 상징, 티켓, 보트, 페리",https://youimg1.tripcdn.com/target/10090e00000076pky1B52_C_760_506.jpg,0,,america_statue-of-liberty_origin.csv
austrailia_01,호주,달링 하버,Darling Harbour,"달링 하버(Darling Harbour)는 시드니 중심 업무 지역에 위치한 관광객과 지역민의 여가와 오락을 위해 조성된 세계에서 가장 큰 선착장 중 하나로 시드니의 주요 관광 명소 중 하나이다.시드니 센트럴비즈니스지구(Sydney central business district) 내에 있으며 1984년 뉴사우스웨일스의 200주년 기념사업으로 재개발되었다. 이곳은 100년 전만 해도 대단위 공업지대로 상업과 경제의 중심지였으며, 특히 방직, 곡물, 석탄 등을 운반하는 선박터미널이 있었지만 시설 노후화와 컨테이너 선박이 등장하는 등 운송수단이 변화하자 점차 황폐해져갔다. 1984년 지역의 상업적 부흥을 위해 달링하버 건설 특별위원회가 구성되었고 1988년 복합체건물을 설립했다. 현재는 유명한 오스트레일리아 국립해양박물관과 시드니수족관이 들어섰으며 이외에도 컨벤션센터, 페스티벌 마켓 플레이스 등 다양한 쇼핑센터가 자리 잡고 있다.오스트레일리아 뉴사우스웨일스주 시드니 중심 업무 지구에 위치(남위 33도 52분 20초, 동경 151도 11분 56초)하고 있으며 시드니 오페라 하우스와 시드니 하버 브리지로부터 도보로 약 30분, 기차로 약 5분, 킹스포드 스미스 국제공항으로부터 택시로 약 30분, 기차로 약 40분 거리에 위치하고 있다.1980년대 이전 상업적인 용도로 사용되다가 방치된 부두를 개조하여 관광지로 만들었으며 1825년부터 1831년까지 재임했던 뉴 사우스 웨일즈 주지사 랄프 달링의 이름을 따 달링 하버라고 이름지어졌다.",위키백과,0.89212082,0.57753942,0.46625186,"시드니, 항구, 아름답다, 밤, 레스토랑",https://youimg1.tripcdn.com/target/01044120006a3260oC5C0_C_760_506.jpg,0,,austrailia_darling-harbour_origin.csv
austrailia_02,호주,시드니 오페라 하우스,Sydney Opera House,"시드니 오페라 하우스(영어: Sydney Opera House)는 오스트레일리아 뉴사우스웨일스주 시드니에 있는 공연장이다. 1547석의 오페라 극장과 2679석의 음악당을 비롯해 여러 개의 극장, 전시관, 도서관 등이 있다. 이곳은 가장 유명하고 인상적인 20세기의 건축물 가운데 하나로, 세계에서 가장 유명한 공연장 중 하나이다. 공원 지역과 함께 시드니 하버 브리지, 베넬롱 포인트가 있다.남쪽으로는 시드니의 유명한 다리인 시드니 하버 브리지와 가까우며 시드니 하버 브리지와 시드니 오페라 하우스 주변의 풍경은 오스트레일리아의 대표적인 이미지 가운데 하나이다. 조개 껍질처럼 생긴 이 건물의 지붕 모양은 국제 디자인 공모전의 우승작 작가인 덴마크의 건축가 이외른 우촌이 오렌지 껍질을 벗기던 도중에 떠올린 것으로 알려져 있다. 부분적으로 원형의 모양인 바깥 표면은 자주 그 곳을 항해하는 범선의 소함대를 떠올리게 한다. 시드니 오페라 하우스는 비록 많은 관광객이 공연 관람에 관심이 없더라도 시드니의 주요 관광지 중의 하나로 손꼽힌다.발레와 음악 공연, 오페라가 열리는 시드니 오페라 하우스는 오스트레일리아 오페라 극단, 시드니 극장단, 시드니 교향 관현악단의 상주지이며 뉴사우스웨일스주 문화부 장관 산하 기구인 오페라 하우스 기금에 의해 운영된다.시드니 오페라 하우스는 2007년 유네스코 세계유산에 선정되었다.1959년 3월 1일에 착공하여 1973년 10월 20일에 완공되었다. 완공이 될때까지 4년이 걸릴거라고 예상을 했지만,실제로 14이 걸렸다. 14년이 걸린 이유는 오페라 하우스의 지붕이 까다롭고,제작이 힘든구조이기 때문이다. 그리고 또한 시드니 오페라 하우스는 건축 당시 예상 금액이 $7,000,000 이였다. 하지만 실제 건축에 들어간 금액은 $102,000,000 이 사용 되었다. 처음 개관 당시 엘리자베스 2세가 개관식에 참석하였다.해마다 1월 1일 자정이 되면 세계에서 가장 큰 규모의 새해맞이 불꽃놀이가 시드니 오페라 하우스와 시드니 달링 하버 근처에서 벌어진다. 이 행사를 보기 위해 수만 명의 관광객들이 매년 12월 31일에 시드니를 찾는다. 2.5시간 동안 오페라 하우스를 무료로 관람할 수 있다고 한다.현재 각종 대중 문화 공연이 꾸준히 이어지고 있으며 최근에는 가수 발굴 및 육성 프로그램인 오스트레일리안 아이돌의 생방송 스튜디오로도 활용되어 전 세계의 주목을 받고 있다.영화, 드라마, 애니메이션 등의 배경이라고도 한다.오버워치의 2017 하계 스포츠 대회에도 미래도시가 등장한 적이 있었다.",위키백과,0.78768975,0.51658578,0.27811912,"아름답다, 건물, 바다, 사진, 공연",https://youimg1.tripcdn.com/target/100l0x000000leakb136D_C_760_506.jpg,0,,austrailia_sydney-opera-house_origin.csv
cambodia_01,캄보디아,앙코르와트,Angkor Wat,"앙코르 와트(크메르어: អង្គរវត្ត, 영어: Angkor Wat, Angkor Vat)는 캄보디아 시엠레아프 주의 앙코르에 위치한 사원으로, 12세기 초에 수리야바르만 2세에 의해 옛 크메르 제국의 사원으로서 창건되었다. 앙코르 유적 중에서 가장 잘 보존되어 있으며, 축조된 이래 크메르 제국의 모든 종교 활동의 중심지 역할을 맡은 사원이다. 처음에는 힌두교 사원으로 힌두교의 3대 신 중 하나인 비슈누 신에게 봉헌되었고, 나중에는 불교 사원으로도 쓰였다.[2] 옛 크메르 제국의 수준 높은 건축술을 가장 잘 보여주는 유적이다. 또한 캄보디아의 상징이기도 하기에 국기에도 그려져 있고, 세계적으로도 명성이 높은 관광지이다. 앙코르 와트는 12세기 크메르 제국의 황제 수리야바르만 2세에 의해 약 30년에 걸쳐 축조되었다. 사원의 정문이 서쪽을 향하고 있는 것이 특징이다. 이것은 해가 지는 서쪽에 사후 세계가 있다는 힌두교 교리에 의한 것으로, 앙코르 와트가 데바라자의 사후세계를 위하여 지어진 사원임을 짐작할 수 있다.[3] 앙코르 와트는 크게 산처럼 생긴 탑들과 그를 둘러싸고 있는 회랑으로 구성되어 있는데, 이때 이 탑들은 불교 신들의 고향인 수미산을 상징한다. 앙코르 와트는 길이 5km가 넘는 깊은 해자에 둘러싸여 있으며, 외벽은 그 길이가 3.6km에 달한다. 외벽 안쪽에는 3개의 회랑들이 벽을 이루어 지어져 있고, 사원 정중앙에는 4개의 탑이 1개의 중앙 탑을 중심으로 세워져 있다. 앙코르 와트는 그 거대한 규모뿐만 아니라 지극히 정교한 건축 기술과 벽화들로도 매우 유명하며, 특히 여백을 거의 찾아볼 수 없을 정도로 빽빽히 새겨진 부조들로 잘 알려져 있다. 앙코르(Angkor)는 산스크리트어 나가라에서 파생된 도읍이라는 의미의 노코르(Nokor)의 방언이고, 와트(Wat)는 크메르어로 사원이라는 뜻이니 앙코르와트는 '사원의 도읍'이라는 뜻이된다. '사원의 도읍'이라는 의미인 앙코르 와트라는 이름은 16세기 이후부터 사용되었다.",위키백과,0.61627888,0.39973055,0.08085716,"사원, 아름답다, 건물, 기념물, 고대",https://youimg1.tripcdn.com/target/100i0z000000nk62g4450_C_760_506_Q70.jpg?proc=source%2ftrip,0,,cambodia_angkor-wat_origin.csv
china_01,중국,상하이 디즈니랜드,Disney Resort,"상하이 디즈니랜드는 미국 엔터테인먼트업체 월트 디즈니와 중국 상하이 선디(申迪)그룹이 지분 43%대 57%로 지난 2011년부터 총 55억달러(6조400억원)를 투자해 만들었고 2016년 6월 16일에 개업하였다. 전세계에서 여섯 번째이자 아시아에서 도쿄, 홍콩에 이어 세 번째 디즈니랜드다. 상하이 푸둥(浦東)의 중간 촨사(川沙) 신도시에 위치한 상하이 디즈니리조트는 3.9km2 면적을 차지해 아시아 최대 테마파크로 꼽힌다. 입장료는 비수기 377위안(약 6만 4000원), 성수기 499위안(약 8만 5000원)이며 평일에는 399위안, 성수기(여름방학·주말·공휴일)는 575위안, 춘절 및 국경절 연휴기간은 665위안이다. 중국의 일반 직장인들 봉급 생각하면 부담스러운 요금이지만 어린이나 노약자는 25% 할인해주고 영·유아는 무료입장도 가능하다.",위키백과,0.6822338,0.39356721,0.27757987,"프로젝트, 시간, 불꽃, 줄, 아이",https://youimg1.tripcdn.com/target/10010700000025soo91A8_C_760_506.jpg,0,,china_disneyresort_origin.csv
china_02,중국,황푸강,Huangpu River,"황푸강(黄浦江)은 타이후(太湖, 태호)에서 발원해서 전체 113km를 흘러간다. 중국 상하이의 중요한 수원으로 장강으로 흘러들어간다. 장강을 통해 바다로 흘러들어가는 최후의 지류이다.소주하(苏州河), 온조빈(蕰藻浜), 천양하(川楊河), 정포하(淀浦河), 대치하(大治河), 사탕(斜塘), 오나설경(园泄經)과 대묘항(大泖港)을 흘러간다.푸동 국제공항에서 시내로 가려면, 반드시 아래의 다리 중 하나는 지나치게 된다. 보통 루푸대교나 난푸대교 중 하나를 지나치게 된다. 난징루, 와이탄 등 대부분의 상하이의 관광지는 이곳을 넘어 푸시로 가야 하므로, 보통 숙박도 푸시에서 하게 된다.",위키백과,0.70636134,0.94404873,1,"아름답다, 풍경, 가치, 양쪽, 재미",https://youimg1.tripcdn.com/target/10021f000001gxcdwB7C4_C_760_506.jpg,0,,china_whangfuriver_origin.csv
france_01,프랑스,루브르 박물관,Louvre Museum,"루브르 박물관(프랑스어: Musée du Louvre)은 프랑스 파리의 중심가인 리볼리가에 있는 국립 박물관이다. 소장품의 수와 질 면에서 메트로폴리탄 미술관, 대영박물관과 함께 세계적으로 손꼽히는 박물관이다. 현재의 건물은 루브르 궁전을 개조한 것으로, 파리의 세느강 주변을 포함하여 세계유산으로 지정되어 있다. 루브르 박물관 앞의 유리 피라미드 조형물인 루브르 피라미드는 근대에 건설된 것으로 한때 어울리지 않다는 평이 많았으나 현재는 루브르를 대표하는 조형물이 되었다. 프랑스어로 뮈제 뒤 루브르, 그랑 루브르, 또는 단순히 루브르라고도 불린다. 루브르 박물관은 루브르 궁전 내부에 위치해 있다. 루브르 궁전은 12세기 후반 필립 2세의 명으로 착공되었는데, 그 당시만 해도 궁이 아닌 요새였다. 아직도 당시의 요새 잔재들을 볼 수 있다. 이 요새가 루브르 궁이 되기까지 수차례에 걸친 건물 확장 공사가 이루어졌다. 1672년 루이 14세가 베르사유 궁전에 거주하기로 결정하고 루브르를 왕실의 수집품을 전시하기 위한 장소로 쓰도록 했다. 1692년 루브르 건물에 왕립 아카데미가 들어서고 1699년에는 첫 번째 살롱전이 개최되었다. 아카데미는 루브르에 100년동안 남아 있었다. 프랑스 대혁명 당시, 국민회의는 루브르가 박물관으로서 국가의 걸작을 전시해야 한다고 선포하였다. 박물관으로서의 루브르는 1793년 8월 10일 537점의 회화를 전시하며 첫 문을 열었는데 전시된 작품은 대부분 몰락한 귀족과 교회에서 징발된 수집품들이었다. 박물관 건물 내부의 구조적 문제로 인해 박물관이 1796년에서 1801년까지 문을 닫았다. 나폴레옹이 통치하던 시기에 소장품의 규모가 크게 늘었고 이름도 뮈제 나폴레옹으로 바뀌었다가 워털루에서 나폴레옹이 대패하자 나폴레옹 군대에 빼앗겨 루브르로 보내졌던 많은 작품들이 고국으로 돌려보내졌다. (사실 당시 박물관장이 지하실에 빼돌려 돌아가지 못한 작품도 여럿 된다고 한다.) 루이 18세와 샤를 10세 재위기간에 다시 한번, 더 큰 규모로 소장품이 늘었고, 제2제국(나폴레옹 3세 통치 기간) 중에 20,000여 점의 수집품이 들어왔다. 소장품은 제3공화국 때부터도 기증과 선물로 계속해서 규모가 커지고 있으며 2008년 기준으로는 8개의 전시관에 나뉘어 있다. 이집트 고대유물관, 근동 유물관, 그리스와 에트루리아, 로마 유물관, 이슬람 미술관, 조각 전시관, 장식품 전시관, 회화관 그리고 판화와 소묘관 등이다.",위키백과,0.45372492,1,0.41135804,"예술, 보물, 시간, 가치, 궁전",https://youimg1.tripcdn.com/target/100a10000000p38eiD4A7_C_760_506_Q70.jpg?proc=source%2ftrip,0,,france_Louvre Museum.csv
france_02,프랑스,베르사유 궁전,Versailles Palace,"베르사유궁(프랑스어: Château de Versailles)은 프랑스의 베르사유에 있는 왕궁이다. 베르사유는 원래 파리의 시골 마을 중 하나였으나 이 궁전이 세워진 이후부터는 자치권을 가지는 파리 외곽의 도시가 되었다. 베르샤유궁은 단순 사치를 위한 궁전이 아니라 태양왕 루이14세의 정치적 목적이 있다. 지역 귀족을 이 궁으로 모이게하면 그 귀족들을 감시하기 쉽기 때문이였다. 또한 베르사유 궁전은 원래 왕이 사냥할 때 머무는 여름 별장이었으나 1682년 루이 14세가 파리 루브르궁에서 이 궁전으로 거처를 옮겨, 1789년 왕가가 수도로 돌아갈 것을 강제될 때까지 프랑스 앙시앵 레짐 시기, 권력의 중심지였다. 바로크 건축의 대표건축물으로, 호화로운 건물과 광대하고 아름다운 프랑스식 정원에 1,400개의 분수들 그리고 오페라와 거울의 방으로 유명하다. 거울의 방은 벽과 천장이 베네치아산 거울로 된 길이73m의 방인데 1차 세계대전을 형식적으로 마무리지었던 베르사유 조약이 1919년 6월 28일에 이 방에서 이루어졌다. 베르사유 궁전은 한번에 2만 명이나 수용할 수 있는 커다란 안뜰을 둘러싸고 있는데 안뜰에는 대트리아농과 소트리아농을 포함하여 작은 궁전들이 있다. 또한 1783년 이 안뜰에서 세계 최초의 열기구가 떠올랐다. 베르샤유궁을 본격적으로 궁전으로 만든 절대왕정의 태양왕 루이14세는 자신을 상징하는 태양,태양신인 아폴론을 베르샤유궁에 배치했다. 대표적으로 거울의 방 천장화에 아폴론을 그려놓았고 아폴론이 끄는 마차를 동상으로 장식된 분수또한 만들었다. 이러한 분수를 만들기 위해서는 상당히 많은 양의 물이 필요하지만 베르샤유궁의 위치는 고지대에 있기 때문에 센강의 물을 펌프로 퍼 와야 했다. 또한 아폴론의 동상을 궁정에 놓았고 이뿐만이 아니라 그리스 로마 신화를 상징하는 것을 궁전에 디자인 장식으로 사용했다.베르사유 궁전이 실제로 궁전으로서 사용된 기간은 매우 짧고, 1715년 루이 14세 사후, 뒤를 이은 루이 15세는 곧바로 파리로 다시 궁전을 옮겼다. 나중에는 프로이센(프러시아)가 파리를 점령하고 베르사유궁에서 빌헬름 1세의 즉위식이 열리기도했다.",위키백과,0.51013179,0.63338221,0.36855337,"정원, 화려하다, 시간, 아름답다, 루이",https://youimg1.tripcdn.com/target/100r0y000000lsc144F86_C_760_506.jpg,0,,france_palace-of-versailles_origin.csv
france_03,프랑스,에펠탑,Effel Tower,"에펠탑(프랑스어: Tour Eiffel, [tuʁ ɛfɛl], 영어: Eiffel Tower)은 프랑스 파리의 상징적 건축물로, 1889년에 프랑스 혁명 100주년을 맞이하여 파리 만국 박람회를 개최하였는데 이 박람회를 상징할만한 기념물로 에펠 탑을 건축하였다. 박람회가 열린 마르스 광장에 출입 관문에 위치해있다. 프랑스의 대표 건축물인 이 탑은 격자 구조로 이루어져 파리에서 가장 높은 건축물이며, 매년 수백만 명이 방문할 정도로 파리에서 빼놓을 수 없는 세계적으로 유명한 관광명소이다. 이 탑은 공모전을 통해 선정된 프랑스 공학자 귀스타브 에펠의 작품으로 이를 디자인한 그의 이름을 따서 명명했다. 에펠탑은 그 높이가 330m이며, 이는 81층 높이의 건물과 맞먹는 높이이다. 1930년 크라이슬러 빌딩이 완공되기 전까지는 세계에서 가장 높은 건축물이었다. 방송용 안테나를 제외하고도, 2004년 지어진 미요 교에 이어 프랑스에서 두 번째로 높은 구조물이다. 1991년에는 세계문화유산으로 등재되었다. 현재의 긍정적인 평가와는 달리 착공 초기부터 도시미관을 훼손한다는 이유로 '흉물스럽고 추악한 철 구조물'이라는 등에 많은 비난이 있었으며, 이로 인해 20년이라는 계약기간이 만료되는 1909년에는 철거될뻔한 위기도 있었다. 통신 시설물을 설치하여 활용가능하다는 사실이 증명되며 해체의 위기를 간신히 넘겼다. 훗날 여러 영화에서 배경으로 자주 사용하면서 파리 하면 많은 사람들이 제일 먼저 떠올리는 상징물이 되었으며, 현재에는 파리의 대표적인 명물로 사랑을 받고 있다. 1985년 야간 조명시설이 설치된 이후 파리의 아름다운 야경을 만드는 데 일조하고 있는데, 밤이 되면 매 시각 정각부터 약 10분간 에펠탑이 반짝 거리는 쇼를 볼 수 있다. 관광객을 위해 3개 층이 개방되어 있다. 첫 번째 층과 두 번째 층 까지는 표를 구입하여 계단하고 엘리베이터를 통해 올라갈 수 있다. 첫 번째 층까지의 높이와 첫 번째 층부터 두 번째 층까지의 높이는 각각 300 계단이 넘는다. 가장 높은 세 번째 층은 엘리베이터로만 올라갈 수 있다. 첫 번째 층과 두 번째 층에는 음식점이 있다.하지만 최근 바람과 비로 인해 부식이 진행 되고 있는 상황이다.",,0.57575645,0.31061547,0.37193402,"아름답다, 세계, 건물, 밤, 랜드마크",https://youimg1.tripcdn.com/target/100n0x000000lf9m0200D_C_760_506_Q70.jpg?proc=source%2ftrip,0,,france_eiffel-tower_origin.csv
germany_01,독일,브란덴부르크 문,Brandenburg Gate,브란덴부르크 문(독일어: Brandenburger Tor)은 18세기에 베를린에 지어진 초기 고전주의 양식 개선문이다. 프로이센 왕국의 제4대 국왕인 프리드리히 빌헬름 2세가 바타비아 공화국과의 전쟁 이후 피폐해진 베를린을 복구할 때 함께 1788년부터 1791년까지 지었고 건축가는 칼 고트하르트 랑한스(de)이며 아테네의 아크로폴리스를 참고했다. 브란덴부르크 문은 서부 베를린 중심에 있다. 브란덴부르크 문에서는 역사적인 사건이 많이 일어났으며 지금은 단순히 독일만의 상징이 아니라 유럽 전체의 통합과 번영을 상징하는 건축물로 떠오르고 있다.,위키백과,0.01,0.2996498,0.4611978,"광장, 상징, 건물, 승리, 파리",https://youimg1.tripcdn.com/target/fd/tg/g4/M03/AA/6F/CggYHlXS6eeALq6NAAmwAuBIBTk681_C_760_506.jpg,0,,germany_brandenburg-gate_origin.csv
germany_02,독일,쾰른 대성당,Cologne Cathedral,"쾰른 대성당(독일어: Kölner Dom, 정식 명칭: Hohe Domkirche St. Peter)은 독일 쾰른에 있는 로마 가톨릭교회의 성당이다. 고딕 양식으로 지어졌다. 쾰른 대교구의 주교좌 성당이라 쾰른 주교좌 성당이라고도 불린다. 현재 쾰른 대교구의 교구장은 라이너 마리아 뵐키 추기경이다. 이 성당은 독일에서 가장 잘 알려진 건축물로, 성 바실리 대성당에 이어, 1996년 유네스코 세계유산으로 등재되었다. 유네스코에서는 쾰른 대성당을 일컬어 “인류의 창조적 재능을 보여주는 드문 작품”이라고 묘사하였다. 매일 2만여 명의 관광객이 이 성당을 찾는다. 쾰른 대성당은 높이 157.38미터로,[3] 울름 대성당에 이어 유럽에서 두 번째, 세계에서는 세 번째로 높은 로마네스크·고딕 양식 성당이다. 신성 로마 제국 시절 이탈리아 원정을 통해 가져온 동방 박사 3인의 유골함을 안치하기 위한 건축물로서 1248년부터 짓기 시작했다. 대성당은 고딕 양식으로 설계되었지만, 오랜 건축 기간을 거쳐 결국 1880년에 네오 고딕 양식으로 완공되었다. 완공 이후 1884년까지 세계에서 가장 높은 건축물이었다. 라인강변 언덕 위에 지어졌으며, 대성당 주변에는 쾰른 중앙역과 호엔촐레른 철교, 루트비히 박물관, 로마 게르만 박물관 등이 있다.",위키백과,0.32681848,0.41350024,0.10317283,"교회, 건물, 고딕, 웅장, 아름답다",https://youimg1.tripcdn.com/target/10070z000000o7lstEEB2_C_760_506.jpg,0,,germany_cologne-cathedral_origin.csv
germany_03,독일,노이슈반슈타인 성,Neuschwanstein Castle,"노이슈반슈타인성(독일어: Schloß/Schloss Neuschwanstein)은 바이에른의 왕 루트비히 2세가 지은 로마네스크 양식의 성이다. '신 백조 석성'(新白鳥石城)의 의미이다. 독일 바이에른주 퓌센(Füssen) 근교의 호엔슈방가우(Hohenschwangau)에 위치한다. 루트비히 2세가 음악가 리하르트 바그너의 오페라를 보고 큰 감명을 받아 지었으며, 필요한 자금은 국고에서 충당하지 않고 대부분 왕실 자금을 털어 지었다. 노이슈반슈타인성은 1886년에 루트비히 2세가 죽기 전까지 왕의 궁전으로 쓰일 용도로 지어졌으며, 그가 죽은 지 얼마 되지 않아 대중들에게 개방되었다. 매년 130만 명에 달하는 관광객들이 이 성을 찾아오며, 특히 여름에는 거의 매일 6,000여 명이 이 성을 관람한다.",위키백과,0.65399427,0.449572,0.34183538,"아름답다, 산, 동화, 왕, 루트비히",https://youimg1.tripcdn.com/target/100i0u000000izstbEF79_C_900_600.jpg_.webp?proc=source%2ftrip,0,,germany_neuschwanstein-castle_origin.csv
japan_01,일본,후지산,Mount Fuji,"후지산(일본어: 富士山)은 일본의 혼슈 중앙부, 시즈오카현(후지노미야시, 스소노시, 후지시, 고텐바시, 슨토군 오야마정)하고 야마나시현(후지요시다시, 미나미쓰루군 나루사와촌)의 경계에 있는 휴화산이며, 해발 3,776m로 일본의 극점 중 최고점에 속한다. 1707년부터 휴지기에 들어간 상태로, 도카이도 신칸센이 그 근처를 지나간다.일년 중 7월 내지 8월에 입산이 가능하며, 본래 여성의 입산이 금지되었다가 1868년부터 해금되었다. 맑은 날에는 100km 떨어진 도쿄에서도 보일 정도로 큰 후지산은 옛부터 일본의 상징이자 고대 신앙의 대상이 되어 왔다.2013년 6월 22일 제37차 세계유산 위원회 회의에서 후지산, 성스러운 장소 그리고 예술적 영감의 원천(영어: Fujisan, sacred place and source of artistic inspiration)이라는 이름으로 세계문화유산에 지정되었다.산의 경사가 급하고 산 정상이 깎여 있으며 1년중 5달정도 눈으로 뒤덮여 있다.수십만년 전부터 반복된 화산 활동으로 인해 형성된 성층 화산이며, 그 아름다운 풍모는 옛날부터 일본의 상징으로서 알려지고 있다. 만약 다시 대분화가 일어날 경우 폭발에너지는 약 7×10^24 에르그로 추정될 정도이다.",위키백과,0.65502418,0.47905119,0.6128362,"아름답다, 눈, 풍경, 정상, 구름",https://youimg1.tripcdn.com/target/100v1f000001h1du4B7C4_C_900_600.jpg_.webp?proc=source%2ftrip,0,,japan_fujimountain_review.csv
japan_02,일본,센소지,Sensoji,"센소지(일본어: 浅草寺, 천초사. Sensoji (Temple))는 일본 도쿄도 다이토구 아사쿠사에 있는 절로 도쿄에서 가장 큰 사찰이다.628년 스미다 강에서 백제인 히노구마 어부 형제가 던져놓은 그물에 걸린 관음상을 모시기 위해 사당을 지었다. 이후 승려 쇼카이가 645년에 절을 세운 것이 센소지의 유래로 알려져 있다. 에도 시대 후반에는 사원 내의 상점가와 연극 무대가 설치되어 있기도 했다. 그러나 관동 대지진과 2차 세계 대전 당시 대부분의 건물이 소실되고 현재의 건물들은 1960년 이후에 재건한 것이다.호조문은 도쿄 아사쿠사에 있는 센소지의 내부에 위치한 문이다. 센소지 외부에는 가미나리몬이 있다. 호조문은 보물을 보관하는 문이라는 뜻을 갖고 있다. 호조문은 2층짜리 문으로 이곳에는 센소지의 다양한 보물이 보관되어 있다.나카미세도리(仲見世通り)는 센소지를 배후로 둔 상점가이다. 18세기 초 센소지 주변에 살던 사람들은 센소지 앞에 상점을 열 수 있는 허가를 받았다. 하지만, 1885년 5월 정부는 재개발을 하기 위해 상점의 점주들에게 퇴거명령을 내렸다. 같은 해 12월 나카미세도리는 서양식 벽돌 건물로 재건됐다.고려 승려 혜허(慧虛)가 그린 고려불화 ''수월관음도'' (水月觀音圖. 일명 ''물방울 관음도''. 일본명 양류관음도(楊柳觀音圖))를 소장하고 있다.",위키백과,0.59405016,0.38410406,0.46992688,"사원, 절, 아사쿠사, 거리, 문",https://youimg1.tripcdn.com/target/100112000000sqg2jF3F1_C_760_506.jpg,0,,japan_sens-ji_origin.csv
japan_03,일본,도쿄 디즈니랜드,Tokyo Disneyland,"도쿄 디즈니랜드(영어: Tokyo Disneyland, 일본어: 東京ディズニーランド)는 일본 도쿄 근교의 지바현 우라야스시에 위치한 46만 5천 제곱미터 규모의 테마 파크이다. 미국 이외의 지역에서 건설된 첫 디즈니랜드로, 1983년 4월 15일 개장하였다. 월트 디즈니 이매지니어링이 캘리포니아의 디즈니랜드와 플로리다의 매직 킹덤과 같은 양식으로 건설한 공원이다. 주식회사 오리엔탈 랜드가 월트 디즈니 컴퍼니로부터 라이선스를 취득하여 있다. 공동 운영하는 도쿄 디즈니씨와 함께 유일하게 월트 디즈니 컴퍼니가 소유하지 않는 디즈니 공원이다. 도쿄 디즈니 랜드에는 각기 다른 테마로 나뉜 구역이 일곱 개 있고 그것들을 「테마랜드」라고 부른다. 각 테마랜드에 배치되는 어트랙션이나 물건 파는 상점, 음식점 및 장식류는 각 테마에 맞춰서 이미지가 통일되게 도모되고 있다. 원내의 시설은 어트랙션이외의 설비또한 모두 OCL직영이다. 파크 내에는 숍, 레스토랑, 서비스시설이 다수 존재한다.",위키백과,0.66402856,0.71029936,0.43647424,"공원, 프로젝트, 건설, 놀이기구, 재미",https://youimg1.tripcdn.com/target/100n1f000001gpc2a2633_C_760_506.jpg,0,,japan_tokyo-disneyland_origin.csv
japan_04,일본,도쿄 타워,Tokyo Tower,"도쿄 타워(일본어: 東京タワー 도쿄타와[*], 영어: Tokyo Tower)는 일본 도쿄도 미나토구에 있는 높이 333m의 종합 전파탑으로, 관광명소로서의 인기는 지금도 여전하다.  빨간색(또는 국제 표준 주황색)하고 하얀색이 교차하여 도색되어 있다(주소는 도쿄 도 미나토 구 시바코엔 4-2-8). 지상파 아날로그·디지털 텔레비전 방송(VHF·UHF) 및 FM 방송의 안테나로서 방송전파로서 방송전파를 송출하는 다른 동일본 여객철도(JR 동일본)의 열차 방호 무선장치용 안테나와 도쿄 도 환경국의 각종 측정기를 설치하였다. 2012년 근처에 634m의 도쿄 스카이 트리가 들어서기 전까지는 도쿄에서 제일 유명한 건축물이었다. 일본 최고층 마천루인 오사카 아베노바시 터미널 빌딩(60층, 300m)보다 33m가 더 높다.",위키백과,0.34850099,0.36320271,0.31576788,"아름답다, 야경, 밤, 건물, 티켓",https://youimg1.tripcdn.com/target/10010y000000m0ila4FD2_C_760_506.jpg,0,,japan_tokyotower_origin.csv
japan_05,일본,레고랜드 재팬,LEGOLAND Japan,"일본 나고야에 2017년 4월 1일에 개장한 레고랜드 재팬은 모든 연령대를 위한 광범위한 놀이 거리와 공연을 선보입니다. 레고로 만든 대형 피규어와 마주하면, 작은 벽돌이 불러일으킨 마법에 대해 사진을 찍고 경탄하지 않을 수 없습니다. 모든 면에서 개성 있는 레고와 함께 어른과 어린이 모두 즐길 수 있습니다.",trip.com,0.63120447,0.34658662,0.42685223,"레고, 공원, 어린이, 프로젝트, 놀다",https://youimg1.tripcdn.com/target/10020z000000n4qq1EAFE_C_760_506_Q70.jpg?proc=source%2ftrip,0,,japan_lego-land_origin.csv
korea_01,한국,남이섬,Namiseom,"남이섬(南怡ー)은 강원도 춘천시 남산면 방하리에 있는 섬이다. 남이 장군의 묘역이 있는 문화유적지이자 관광휴양지로 개발된 곳으로서 세계 122개국으로부터 130만명의 외국인관광객을 포함, 연간 총 330만명이 찾는 대한민국의 대표적인 관광지이다. 행정 구역상으로는 강원도 춘천시 남산면 방하리에 속해 있고 길은 경기도 가평군으로 통한다. 둘레가 약 5km로 작은 섬이지만 1960년대부터 나들이터로 이름을 떨쳤다. 현대에는 경춘선 복선 전철이 개통되면서 가평역에서 남이섬으로 바로 통한다. 한편 2010년 12월 세계에서 14번째, 한국에서는 최초로 유니세프 어린이친화공원(Unicef Child Friendly Park)에 선정되었다.",위키백과,0.38158248,0.51833386,0.45842495,"아름답다, 겨울, 풍경, 촬영, 가을",https://youimg1.tripcdn.com/target/0106z120008iw9z5cFB92_C_760_506.jpg,0,,korea_nami-island_origin.csv
korea_02,한국,남산타워,N SEOUL TOWER,"N서울타워(영어: N Seoul Tower)는 대한민국 서울특별시 용산구 용산동2가 남산 정상 부근에 위치한 전파 송출 및 관광용 타워이다. 1969년에 착공하여 1975년 7월 30일 완공되었다. 높이는 236.7m, 해발 479.7m이다. 수도권의 지상파 방송사들이 이 타워를 이용하여 전파를 송출한다. 전망대에서 서울 시내 전역을 내려다볼 수 있으며, 맑은 날씨에 찾는 관광지로 잘 알려져 있다. 남산에 있어서 보통 남산타워라고 널리 부르고, 서울에 있어서 서울타워라고 부르기도 하지만, 행정안전부에 등록된 정식 명칭은 YTN서울타워이다.",위키백과,0.45629232,0.39244728,0.6193888,"아름답다, 야경, 케이블카, 자물쇠, 서울",https://youimg1.tripcdn.com/target/100k0g0000007t2s9DEFA_C_760_506.jpg,0,,korea_n-seoul-tower_origin.csv
philippines_01,필리핀,마닐라 대성당,Manila Cathedral,"마닐라 대성당은 인트라무로스 내 로마광장에 있는 대주교좌성당으로 1581년 처음 건축되었고, 1981년 교황 바오로 2세에 의하여 소 바실리카로 지정되었습니다. 마닐라 대성당은 전쟁과 지진, 자연재해 등으로 파괴되었지만 여러 차례 로마네스크-비잔틴 양식의 설계를 유지하면서 재건되어 현재까지 자리하고 있습니다. 마닐라 대성당은 필리핀의 아름다운 스테인드글라스 창과 대성당의 역사를 새긴 대형 청동문이 특징입니다.",필리핀 관광부 웹페이지,0.39747256,0.38780541,0.29183876,"아름답다, 건물, 역사, 가톨릭, 웅장",https://youimg1.tripcdn.com/target/10020q000000gsq1q7DDC_C_760_506.jpg,0,,philippines_manila-cathedral_origin.csv
philippines_02,필리핀,오슬롭 고래상어 투어,Oslob Whale Shark Watching,"세부 오슬롭은 막탄 섬 남쪽 끝자락에 위치한 한적한 어촌 마을로 몸통 길이 12-18m, 몸무게 15-20톤에 달하는 고래상어를 볼 수 있는 곳 입니다. 고래상어는 거대한 몸집과는 달리 주로 플랑크톤, 오징어, 작은 물고기 등을 주식으로 하고 매우 온순하기 때문에 오슬롭에서 고래상어와 함께 수영을 할 수 있습니다.",필리핀 관광부 웹페이지,0.38518718,0.01,0.18512214,"경험, 시간, 세부, 수영, 보트",https://youimg1.tripcdn.com/target/100n0z000000npy852B7E_C_900_600.jpg_.webp?proc=source%2ftrip,0,,philippines_oslob-whale-shark-watchingl_origin.csv
philippines_03,필리핀,인트라무로스,Intramuros,"인트라무로스(Intramuros)는 16세기에 스페인인들에 의해 지어진 필리핀의 수도 마닐라에서 가장 오래된 지역으로, 파시그 강 남쪽에 위치한다. 그 명칭은 직역하면 스페인어로 ""벽 안에서""가 되며, 벽에 둘러싸인 도시 또는 요새를 의미하고, 또한 그 두껍고 높은 벽과 해자로 둘러싸인 구조를 표현한 것이다. 스페인 시대에는 인트라무로스가 마닐라 자체라고 생각되었다. 지금은 마닐라 입국관리국이 소재하고 있어 출입국 관련 업무를 보려는 외국인들이 많이 들르는 곳이다.",위키백과,0.46164928,0.20727269,0.06612065,"도시, 스페인, 역사, 건물, 마차",https://youimg1.tripcdn.com/target/100o10000000p00c78890_C_760_506_Q70.jpg?proc=source%2ftrip,0,,philippines_intramuros_origin.csv
Republic of South Africa_01,남아공,희망봉,Cape of Good Hope,"희망봉(喜望峯, 영어: Cape of Good Hope, 아프리칸스어: Kaap die Goeie Hoop, 네덜란드어: Kaap de Goede Hoop, 포르투갈어: Cabo da Boa Esperança)은 남아프리카 공화국의 대서양 해변에 있는 암석으로 이루어진 곶이다. 1488년에 포르투갈의 바르톨로뮤 디아스가 발견하여 '폭풍의 곶'(Cabo Tormentoso)이라 명명하였으나, 후에 포르투갈 왕 주앙 2세에 의해 ""희망의 곶""으로 개명되었다고 전해지고 있다.",위키백과,0.60172622,0.43456481,0.23370325,"파도, 아름답다, 바다, 풍경, 대서양",https://youimg1.tripcdn.com/target/0103t120009d0rquvB5E8_C_760_506_Q70.jpg?proc=source%2ftrip,0,,Republic of South Africa_cape-of-good-hope_origin.csv
russia_01,러시아,예카테리나 궁,Catherine Palace,"예카테리나 궁전(러시아어: Екатерининский дворец)은 러시아 상트페테르부르크에서 남동쪽으로 25km 떨어진 교외 지역인 푸시킨의 피서지인 차르스코예 셀로에 위치한 제정 러시아 시절의 궁전이다. 18세기 러시아 건축 예술의 산물이며, 궁전의 명칭은 표트르 대제의 황후이며 제2대 러시아 황제이기도 한 예카테리나 1세의 이름에서 유래한 것이다. 1717년 예카테리나 1세는 독일의 건축가 요한 프리드리히 브라운슈타인에게 자신의 즐거움을 위한 여름 궁전을 지을 것을 명령하였으며, 1743년 안나 이바노브나 치세에 완성되었다. 그 후, 1756년 5월 옐리자베타 페트로브나 황제의 명령에 따라 건축가 B.F.라스트렐리의 감독 아래 옛 구조물을 철거하고 대규모적인 규모로 훨씬 웅장하고 화려한 로코코 양식으로 개축되었다.",위키백과,0.76423966,0.54555451,0.29530609,"정원, 호박, 아름답다, 여왕, 화려하다",https://youimg1.tripcdn.com/target/10021f000001gxcyg142D_C_760_506_Q70.jpg?proc=source%2ftrip,0,,russia_catherine-palace_origin.csv
russia_02,러시아,붉은 광장,Red Square,"붉은 광장(러시아어: Красная площадь 크라스나야 플로샤디)은 러시아 모스크바에 있는 광장이다. 크렘린 궁을 도시와 분리시키는 경계 역할을 하며, 모스크바의 주요 도로와 거리들이 대부분 이 광장에서 뻗어나가기 때문에 모스크바의 중심부로 여겨진다. 붉은 광장이라는 이름은 광장의 바닥이 붉은색이어서도, 공산주의와도 관련이 있는 것이 아니라, 빨간색(붉은)[1]을 뜻하는 러시아어 형용사(крсный, 크라스느이)가 구 한국어에서 '아름다운(현대 러시아어에서 красивый, 크라시브이에 해당)'이라는 형용사였기 때문이다. 본래 성 바실리 대성당과 스파스카야 탑 중간에 있는 작은 구간이었으나, 후에 왕이 광장을 넓히기 위해 인근에 있는 건물들을 불태우면서까지 광장을 확장, 개축하였다.",위키백과,0.83894482,0.31716995,0.01,"역사, 건물, 크렘린, 아름답다, 퍼레이드",https://youimg1.tripcdn.com/target/100g0h0000008oohc4BB5_C_760_506_Q70.jpg?proc=source%2ftrip,0,,russia_red-square_origin.csv
russia_03,러시아,겨울 궁전,Winter Palace,"겨울 궁전(러시아어: Зимний дворец)은 러시아의 상트페테르부르크에 있는 궁전으로서 제정 러시아 군주의 겨울을 위해 1754~1762년에 지어졌다. 로코코 양식을 표방한 궁전은 바르토로미오 라스트렐리(Bartolomeo Rastrelli)가 초안을 만들었으며 연둣빛의 색조를 띤다. 1,786개의 문과 1,945개의 창문이 있다. 예카테리나 1세가 첫 번째 주인이 되었다. 궁전은 현재 회화 작품을 가장 많이 보유한 박물관이기도 한 에르미타쥬 미술관(State Hermitage Museum)의 복합단지에 자리하고 있다. 박물관의 일부로서 1,057개의 홀과 방이 일반에게 공개되어 있다. 1826년 군사 갤러리가 문을 열어 332개의 국방계 인사들의 초상화가 그려져 있다. 러시아의 2월 혁명 이후 겨울 궁전은 러시아 임시 정부 청사로도 쓰였다. 볼셰비키 정권의 겨울궁전 급습은 10월 혁명의 발단이 되기도 하였다.",위키백과,0.22307899,0.72857121,0.28804821,"박물관, 겨울, 예술, 컬렉션, 상트페테르부르크",https://youimg1.tripcdn.com/target/100n0h0000008op8a469A_C_760_506_Q70.jpg?proc=source%2ftrip,0,,russia_winter-palace_origin.csv
russia_04,러시아,모스크바 크렘린,The Moscow Kremlin,"모스크바 크렘린(러시아어: Московский Кремль 모스콥스키 크레믈, 문화어: 크레믈리)은 러시아의 수도 모스크바의 중심을 흐르는 모스크바강가에 있는 크렘린이다. 동쪽으로는 성 바실리 대성당과 붉은 광장이 있으며, 서쪽으로 알렉산드롭스키 정원이 있다. 모스크바 말고도 노브고로드, 니즈니노브고로드, 카잔, 아스트라한에도 크렘린이 있지만, 일반적으로 모스크바에 있는 크렘린을 가리키는 경우가 많다. 5개의 궁전, 4개의 성당, 벽과 탑들로 이루어져 있다. 과거에는 모스크바의 차르 궁전이었으나, 현재 러시아의 대통령 관저와 박물관으로 쓰이고 있다. 2017년에 274만 명의 관광객들이 다녀갔다. '크렘린'은 요새 안의 도시라는 뜻을 가졌으며, 백악관이나 청와대와 같이, 러시아의 연방정부를 칭할 때 쓰는 고유명사화되었다. 전에는 소비에트 연방 중앙정부 지도자와 최고위 간부들을 통칭하는 단어이기도 하였다.",위키백과,0.76423966,0.54555451,0.29530609,"궁전, 정원, 호박, 아름답다, 여왕",https://youimg1.tripcdn.com/target/100910000000p33mj2A94_C_760_506_Q70.jpg?proc=source%2ftrip,0,,russia_catherine-palace_origin.csv
switzerland_01,스위스,융프라우 산,Jungfrau,"융프라우(독일어: Jungfrau)는 스위스 베른 알프스의 주요 고봉 중 하나로 해발 4,158m를 가진 봉우리이다. 베른주의 북부와 발레주의 남부 사이에, 인터라켄과 피쉬(Fiesch) 사이에 위치해 있다. 융프라우는 아이거, 묀히와 함께 베르너 오버란트와 스위스 알프스의 가장 독특한 광경 중 하나인 스위스 고원(Swiss Plateau)이 내려다보이는 거대한 산의 벽을 형성한다. 정상은 1811년 8월 3일 아라우의 마이어 형제와 발레주에서 온 두 명의 샤무아 사냥꾼에 의해 처음으로 정복되었다. 이 등반은 빙하와 베른 알프스의 높은 고갯길에서의 오랜 탐험에 이은 것이다. 1865년이 되어서야 북쪽의 직통 노선이 개통되었다. 20세기 초, 융프라우 철도는 클라이네 샤이덱과 융프라우 사이의 능선을 연결하는 철도 건설로 알프스 산맥에서 사람들이 가장 많이 찾는 곳 중 하나가 되었다. 융프라우는 알레취 빙하와 함께 융프라우 알레취 지역의 일부이며 2001년 세계문화유산으로 지정되었다. ",위키백과,0.50835256,0.30776658,0.23917071,"눈, 아름답다, 기차, 풍경, 정상",https://youimg1.tripcdn.com/target/100c0z000000nim74B88F_C_760_506.jpg,0,,switzerland_jungfrau_origin.csv
switzerland_02,스위스,루체른 호수,Lake Lucerne,"루체른호(독일어: Vierwaldstättersee, 프랑스어: Lac Des Quatre Cantons)는 스위스 중부에 있는 호수로 스위스에서 네번째로 큰 호수이다. 호반에서 가장 유명한 도시는 루체른주의 루체른이며, 대한민국과 영어권에는 루체른호로 알려져 있으나, 스위스 최초의 네 주(슈비츠주·운터발덴주·우리주·루체른주)와 접하고 있다 하여 독일어로는 원시(原始)4주의 호수라는 뜻의 피어발트슈테터호(독일어: Vierwaldstättersee)로 부른다. 오늘날 운터발덴주는 니트발덴주와 옵발덴주로 분리되어 호수는 다섯 주와 접하고 있다. 전체 호수의 총 면적은 114km2이고, 고도는 434m이며, 최대 깊이는 214m, 부피는 11.8km3이다. 해안선의 대부분은 호수 위로 1,500m 높이까지 가파르게 솟아올라 리기와 필라투스 산을 비롯한 그림 같은 풍경을 많이 볼 수 있다. 로이스강은 우리 호수(Urnersee)라고 불리는 부분에서 플뤼엘렌(Flüelen)의 호수로 들어가고 루체른에서 나간다. 호수는 또한 브루넨에서 무오타강, 부옥스(Buochs)에서 엥겔베르거 아(Engelberger Aa), 알프나흐슈타트에서 자르너 아강(Sarner Aa)을 받아들인다. 기차와 도로로 호수를 일주하는 것도 가능하지만, 철도 노선은 아트-골다우역을 통해 리기산의 북쪽에서도 호수를 일주한다. 1980년부터 A2 고속도로는 플뤼엘렌의 호수 시작 부분 바로 남쪽에 있는 우리주의 알트도르프에서 단 30분 만에 고트하르트 고개 경로에 도달하기 위해 제리스베르크 터널을 통해 이어진다. 증기선과 기타 여객선이 호수의 여러 마을과 마을 사이를 오간다. 내국인과 외국인 모두 에게 인기 있는 관광지이며, 해안을 따라 많은 호텔과 리조트가 있다. 또한, 스위스 연방 창립의 전통적 장소인 뤼틀리 초원이 우리 호수 호숫가에 있다. 1991년 건국 700주년을 기념하기 위해 우리 호수 주변에 35km의 기념산책로인 스위스길(Swiss Path)이 건설되었다. 2019년부터 2021년까지 호수 바닥(파이프라인 건설 중)을 조사한 고고학자들은 기원전 1000년 경의 유물이 있는 청동기 시대 마을의 유적을 발견했다. 이후, 이 새로운 발견은 이 지역이 사학자들이 이전에 생각했던 것보다 2,000년 더 일찍 정착했음을 나타내고 있다.",위키백과,0.1649147,0.64781277,0.38694493,"아름답다, 산, 풍경, 백조, 도시",https://youimg1.tripcdn.com/target/100h1f000001grwbp1ED5_C_760_506.jpg,0,,switzerland_lake-lucerne_origin.csv
taiwan_01,대만,타이베이 101,Taipei 101,"타이베이 101(중국어 (타이완): 臺北101 , 영어: TAIPEI 101) 또는 타이베이 세계금융센터(영어: Taipei World Financial Center 타이베이 월드 파이낸셜 센터)는 타이완 타이베이에 1999년부터 2004년까지 KTRT 509미터, 101층으로 지은 타이완섬의 대표적인 마천루로, 2010년 1월 3일(현지시간)까지 세계의 고층 빌딩 중에서 제일 높은 고층 빌딩이었다. 원래는 W 모양으로 지었으나, 1/3정도 짓다가 흔들려 W형에서 L형으로 고쳤다.정식 명칭은 타이베이 세계금융센터(Taipei World Financial Center)이고, 과거에는 타이베이 국제금융센터(Taipei International Financial Center)라는 명칭을 사용한 바 있다. 하지만 세계적으로는 약칭인 타이베이 101이 널리 쓰이고 있다.원래는 말레이시아의 쿠알라룸푸르에 있는 페트로나스 타워보다 3m가 낮아서 첨탑(Spire)으로 페트로나스 타워보다 더 높게 지어져 그 상태에서 개막하였다. 그러나 2007년 7월 21일 부르즈 할리파가 512.1m를 돌파하고, 2010년 1월 4일 828m로 개장됨에 따라 2번째로 높은 마천루가 되었는데, 이후 2014년 상하이 타워(632m), 2012년 메카 알베이트 타워(601m), 2016년 선전 핑안 국제금융센터(599.1m), 2016년 서울 롯데월드타워(555m), 2013년 뉴욕 원 월드 트레이드 센터(541m), 2019년 CTF 톈진 (530.4m) 2016년 CTF 광저우(530m),  2018년 베이징 중국존(527.7m) 등 500m를 넘는 마천루들이 완공되어, 현재 세계에서 10위로 높은 빌딩이다.",위키백과,0.7203965,0.26545209,0.22116916,"건물, 빌딩, 높다, 전망대, 야경",https://youimg1.tripcdn.com/target/100g0s000000hix6r35B9_C_760_506.jpg,0,,taiwan_taipei-101_origin.csv
taiwan_02,대만,국립고궁박물원,National Palace Museum,"국립고궁박물관(國立故宮博物院)은 중화민국 타이베이시에 위치해 있는 중화민국 행정원 소속 국립박물관이다.이 박물원에는 중국 국민당이 국공 내전에서 패배하여 타이완으로 이동할 때에 대륙에서 가져온 문화재가 거의 대부분을 차지하고 있다. 이 박물원이 소장품의 수는 69만 7490개나 되어 세계 4대 박물관의 하나로 손꼽히고 있다. 위낙 유물이 많기 때문에 박물원에서는 3개월에 1번씩 전시하는 소장품을 전부 교환하고 있어서, 모든 소장품을 관람하려면 8년정도 걸린다고 한다. 2001년부터 소장품 보호를 위해 박물원 건물을 보수하고 있다.장제스는 중국 전통문화에 애착이 많았다. 평소 지론이 ''나라가 없어도 살 수 있지만 문물 없이 살 수 없다''는 것이었고, 국공내전 와중 패주하면서도 베이징 자금성고궁박물관에 있던 유물 중 가치가 높다고 판단한 29만점과 전국 각지의 유물들을 타이완으로 가져왔다 자이현 타이바오시에는 남부 분관이 별도로 존재한다.",위키백과,0.49107503,0.44662437,0.51245433,"문화, 유물, 고궁, 가치, 보물",https://youimg1.tripcdn.com/target/100q0r000000hdz7e53C4_C_670_376.jpg_.webp?proc=source%2ftrip,0,,taiwan_taipei-palace-museum_origin.csv
uk_01,영국,대영박물관,British Museum,"대영박물관(大英博物館, British Museum)은 영국의 런던 블룸즈베리에 위치해 있는 영국 최대의 국립 공공박물관이다. 대영박물관은 과거 영국이 제국주의 시대부터 전세계 모든 대륙에서 수집한 방대한 유물들을 소장 및 전시하고 있다. 대영박물관은 인류시작부터 현재까지의 역사, 미술, 문화와 관련된 유물 및 소장품이 대략 8백만여점에 달한다. 1753년에 설립되었으나 처음에는 한스 슬론 경의 개인수집품이 전시물의 대부분을 이루었고, 공공에 개방된 것은 1759년 1월 15일이었다. 블룸스베리의 몬태규 저택이었는데 현재 박물관 자리이다. 2세기 반에 걸친 확장으로 인해 몇 개의 부속 기관이 생겼고, 이때 남킹스턴 영국 박물관(자연사)이 1887년 생긴 것이다. 이후 도서관이 생기며 크게 확장되었으며, 영국을 대표하는 박물관으로 명실상부하게 자리잡아 현재까지 이르게 되었다.",위키백과,0.1588591,0.56510725,0.50925917,"중국, 문화, 컬렉션, 유물, 이집트",https://youimg1.tripcdn.com/target/1A0b14000000x6jd58E80_C_760_506.jpg,0,,uk_londonmuseum_origin.csv
uk_02,영국,런던탑,Tower of London,"런던탑(영어: Tower of London 타워 오브 런던[*])은 잉글랜드 센트럴런던의 템스강 북안에 있는 유서깊은 성이자 궁전이다. 정식 명칭은 여왕 폐하의 궁전이자 요새인 런던탑(Her Majesty's Royal Palace and Fortress of the Tower of London)이다. 종종 그냥 탑(영어: The Tower 더 타워[*])이라 부르기도 한다. 행정 구역상으로는 타워햄리츠구에 속해 있으며 서쪽은 타워힐 공원을 사이에 두고 시티오브런던과 마주하고 있다. 노르만의 잉글랜드 정복 이후인 1066년에 세워진 요새를 기반으로 건축되었다. 런던탑의 명칭은 1078년 정복왕 윌리엄이 잉글랜드에 새로운 지배자가 들어섰음을 상징하는 건물로서 세운 화이트 타워에서 유래되었다. 런던탑은 1100년(더럼 주교 래널프 플램바드)부터 1952년(크레이 형제)까지 종종 감옥으로 쓰였지만, 그것이 주된 기능은 아니었다. 15세기 후반에는 장미 전쟁의 와중에 에드워드 5세와 요크 공작 슈루즈베리의 리처드 형제가 런던탑에 갇혔다가 행방이 묘연해진 런던탑의 두 왕자 사건이 발생하기도 하였다. 16세기와 17세기에 런던탑은 많은 인사들을 감금하던 장소였는데, 즉위 이전의 엘리자베스 1세, 월터 롤리와 엘리자베스 롤리 부부 같은 사람들이 런던탑으로 보내졌다. 이로 인해 누군가가 감옥에 갔다는 뜻을 가진 관용구인 ‘탑으로 갔다’(Sent to the Tower)가 탄생하기도 했다. 여러 차례 주요 인사를 감금한 역사가 있지만, 런던탑의 주요 기능은 감옥이 아니라 궁전이었다. 런던탑은 해자와 두 겹의 성곽으로 둘러싸인 여러 건물들로 이루어져 있다. 런던탑은 12세기와 13세기를 거치면서 리처드 1세와 헨리 3세, 에드워드 1세에 의해 증축되어 13세기 후반 무렵 오늘날과 같은 모습을 갖추게 되었다. 런던탑의 중심 건물인 화이트 타워는 처음 지어질 때에는 하얀색이 아니었지만 헨리 3세가 하얀색으로 외장을 꾸민 뒤에 그렇게 불리기 시작했다. 런던탑은 궁정으로서 군주가 기거하는 장소로, 군주가 없을 때에는 런던탑 무관장이 성의 관리를 맡는다. 런던탑 무관장은 중세 시기에 군주의 신임을 받는 강력한 직위였으며 현재는 영국 육군 원수가 겸임하고 있다.[5] 튜더 왕조 시대에 들어서 런던탑은 점차 군주의 거처로 쓰이지 않게 되었으며, 성을 보수하고 강화하려던 노력에도 불구하고 대포 공격에 대응하기에는 방어가 미흡했다. 런던탑은 무기고, 국고, 머내저리, 왕립 조폐국, 등기소, 영국의 대관보기 보관소 등 다양한 용도로 쓰였다. 14세기 초반에서 찰스 2세 재위 기간까지 잉글랜드 국왕의 대관식 의례에는 런던탑에서 웨스트민스터 사원까지 행진하는 관례가 있었다. 두 차례에 걸친 세계 대전 중에 런던탑은 다시 감옥으로 사용되었고 12명의 간첩이 런던탑에서 처형되었다. 제2차 세계 대전을 거치면서 런던탑 역시 독일의 영국 대공습으로 피해를 입었다. 전쟁 이후에 여러 차례의 보수를 거친 런던탑은 다시금 대중에게 개방되었고 오늘날 영국에서 가장 인기있는 관광 명소 중 하나가 되었다. 런던탑은 1988년에 유네스코 세계문화유산에 선정되었다.",위키백과,0.46209527,0.10161413,0.3702437,"성, 역사, 티켓, 왕실, 건물",https://youimg1.tripcdn.com/target/100v1f000001h1abs26A1_C_760_506.jpg,0,,uk_rondontower_origin.csv
uk_03,영국,윈저 성,Windsor Castle,"윈저성(영어: Windsor Castle)은 잉글랜드의 버크셔주 윈저에 있는 성채이다. 세계에서 가장 오랫동안 그 자리에 보존된 성채이기도 하며, 정복왕 윌리엄 시대까지 거슬러 올라간다. 성채의 바닥 면적은 44,965평방미터이다. 윈저 왕가의 명칭이 이 성의 이름에서 유래했다. 윈저 성은 런던의 버킹엄 궁전, 에든버러의 홀리루드 궁전과 함께 영국 군주의 공식 주거지 가운데 한 곳이다. 엘리자베스 2세 여왕은 주말 대부분을 윈저 성에서 국정을 돌볼 뿐만 아니라 사사로운 오락으로도 보냈다. 그녀의 나머지 거주지로는 왕실 가족의 비공개 저택들인 샌드링엄 하우스와 밸모럴 성이 있다. 잉글랜드의 국왕과 여왕 대부분이 성채의 건설과 발전에 직접적인 영향을 끼쳤는데, 때때로 그들의 근위대를 둔 요새, 집, 공식 거주지, 교도소 등으로 이용하였다. 1992년 화재가 발생하여 막대한 피해를 입은 바 있다.",위키백과,0.31206341,0.54436809,0.46881494,"왕실, 여왕, 티켓, 아름답다, 가치",https://youimg1.tripcdn.com/target/1A0e1c000001d2vmi550E_C_760_506.jpg,0,,uk_windsor-castle_origin.csv
vietnam_01,베트남,나트랑 해변,Nha Trang beach,"냐짱(베트남어: Thành phố Nha Trang / 城舖芽莊)은 베트남 남부에 위치한 카인호아성의 성도로, 호찌민시에서 북동쪽으로 약 450km 정도 떨어진 곳에 위치하며 면적은 251km2, 인구는 350,375명(2005년 기준)이다. 냐짱은 해변과 스쿠버 다이빙으로 유명하며, 동남아시아의 많은 여행객과 더불어 수 많은 배낭 여행객을 유치하여 인기있는 관광 목적지로 발전했다. 2008년 7월 14일 미스 유니버스 대회를 개최하였으며, 2010년 12월 4일에는 미스 어스 대회를 개최하였고, 2016년에는 해변 아시안 게임을 주최하기도 했다. 역사적으로 이 도시는 참파가 통치하던 까우타라(Kauthara)로 알려졌었다. 이곳에는 참파에 의해 세워진 유명한 포나가 탑이 있다. 냐짱은 해안 도시이기 때문에 냐짱 대양연구소에 기반을 둔 해양 과학의 중심지이기도 한다. 혼문 해양보호 지역은 국제 자연 보전 연맹이 지정한 세계 최초의 해양보호구역 중 하나이다.",위키백과,0.4727533,0.51886321,0.42659776,"섬, 공원, 케이블카, 진주, 놀이",https://youimg1.tripcdn.com/target/100j0700000028nf2D4B0_C_760_506.jpg,0,,vietnam_nha-trang_origin.csv
vietnam_02,베트남,포 나가르 첨탑,Po Nagar Cham Tower,"포나가르 참탑은 고대 여신에게 바치기 위해 지어진 나트랑의 대표적인 사탑입니다. 앙코르와트에서 영감을 받아 지어진 사탑은 원래는 3개 층이었으나, 1천 년이라는 세월이 흐르며 현재 4개의 기둥만 남아있는 곳으로 나트랑의 찬란했던 역사를 담고 있습니다. 사탑의 정상에서는 나트랑 항구의 뷰를 한눈에 바라볼 수 있다고 합니다. 정상에 올라서 이곳의 아름다운 전경을 만끽해보세요.",trip.com,0.32583728,0.15508821,0.15169424,"나트랑, 앙코르와트, 참파, 여신, 힌두교",https://youimg1.tripcdn.com/target/fd/tg/g3/M03/7C/87/CggYGVXNVlKAOIDYAAs2s8XtG48021_C_900_600.jpg_.webp?proc=source%2ftrip,0,,vietnam_ponagarchamtower_origin.csv
vietnam_03,베트남,사이공 중앙 우체국,Saigon Central Post Office,"사이공 중앙 우체국(베트남어: Bưu điện trung tâm Sài Gòn, 프랑스어: Poste centrale de Saïgon)은 베트남 호찌민 시 1군 파리 코뮌 광장에 있는 건물이다. 1886년부터 1891년까지 건축가 외기스트 앙리 빌드외와 알프레드 폴홍스의 지도 아래 유럽 양식으로 지어졌다. 외부를 둘러보면 건물 앞쪽에 사람들의 이름이 적힌 사각형 모양이 있으며, 건물 가운데에는 대형 시계가 있다. 내부에 있는 두 개의 벽에는 유서가 깊은 지도(Saigon et ses environs (1892), Lignes télégraphiques du Sud Vietnam et du Cambodge (1936)가 각각 그려져 있다. 이 건물은 호찌민 시 방문자들에게 인기 있는 곳으로 잘 알려져 있으며, 이 곳 근처에는 사이공 노트르담 성당과 쇼핑몰 다이아몬드 플라자가 있다.",위키백과,0.3637856,0.28892491,0.18775812,"프랑스, 엽서, 보내다, 홀, 기념품",https://youimg1.tripcdn.com/target/100i0500000011nfyC5DA_C_760_506.jpg,0,,vietnam_sai-gon-central-post-office_origin.csv
indonesia_01,인도네시아,잠바란 비치,Jimbaran Beach,"짐바란은 인도네시아 발리의 어촌이자 관광지입니다. Ngurah Rai International Airport의 남쪽에 위치한 이 해변에는 5성급 Le Meridian Bali Jimbaran, Kayumanis Private Estate & Spa, 인터콘티넨탈 호텔 Bali, AYANA Resort and Spa Bali, Four Seasons 및 Jimbaran Puri Bali, 캐주얼 다이닝 레스토랑 Cuca가 있습니다. 최근, 짐바란은 더 저렴한 숙박 시설을 개발하고 있습니다. 최근 몇 년간 짐바란의 관광업이 증가하여 지역 경제가 활성화되었습니다. 2005년에 발리 폭탄 테러는 자살 폭탄 테러가 해변을 따라 있는 두 개의 유명한 와룽(식당)을 공격했을 때 발생했습니다. 하지만, 관광 산업은 그 이후로 회복되었습니다. 식사객들은 먹고 싶은 살아있는 해산물을 선택하고, 그것은 즉시 준비되며, 일반적으로 숯이 아닌 코코넛 껍질을 불에 구워집니다. 누사두아 반도와 함께 쿠타 남부 구 아래에 위치합니다. 짐바란은 발리 남부 반도의 '목'에 위치해 있습니다.",위키백과,0.57822215,0.59061902,0.37807358,"일몰, 아름답다, 해산물, 발리, 바비큐",https://youimg1.tripcdn.com/target/01A2b120008f06kpl9673_C_760_506_Q70.jpg?proc=source%2ftrip,0,,indonesia_jimbaran-beach_origin.csv
thailand_01,태국,푸켓 판타씨,Phuket FantaSea,"푸켓 환타 바다는 태국 남부 푸켓 섬에 위치한 야간 문화 테마 공원입니다. 이 공원은 60에이커(20ha)의 면적을 차지하고 있으며 태국 문화 연극, 테마 뷔페 식당, 쇼핑 거리를 포함하고 있습니다. 이 공원은 3,500만 THB (1억 달러) 이상의 비용으로 만들어졌고 1998년 12월 20일에 대중에게 공개되었습니다. 착시 기술과 특수 효과가 가미된 태국 문화 쇼. 쇼는 약 70분간 지속되며 수코타이 시대의 돌 코끼리 궁전을 재현한 '코끼리의 궁전'이라고 불리는 특별 제작된 극장 안에서 공연됩니다. 약 10레이(4에이커)의 면적과 3층을 차지하며, 3,000명의 좌석을 수용할 수 있습니다. Golden Kinnaree Buffet Restaurant는 아유타야 시대의 건축 양식으로 설계되었으며, 5,220 m2(약 1.3 에이커)의 면적에 4,000명의 좌석 손님을 수용할 수 있으며, 세계에서 가장 큰 뷔페 레스토랑 중 하나입니다. 축제 마을은 쇼핑 거리입니다. 게임타운, 아라카르트 레스토랑, 패스트푸드점, 바도 있습니다.",위키백과,0.81845499,0.35527058,0.1811603,"공연, 코끼리, 뷔페, 공원, 식사",https://youimg1.tripcdn.com/target/100e10000000plzm68BAB_C_760_506_Q70.jpg?proc=source%2ftrip,0,,thailand_phuket-fantasea_origin.csv
thailand_02,태국,방라 로드,Thanon Bangla,"밤이 되면 호려한 네온사인으로 반짝이는 푸켓 최고의 유흥 거리, 여행객의 눈길을 사로잡는 다양한 길거리 공연 - 낮에는 한산한 거리가 밤이 되면 화려한 네온사인이 반짝이는 유흥의 거리로 변신한다. 클럽과 나이트, 바가 여럿 자리하고 있으며 곳곳에서는 다양한 댄스 공연과 마술 쇼 등 다채로운 공연을 선보여 여행각들의 눈길을 사로잡는다. 매년 4월, 새해를 맞이하는 태국 최대의 축제 '송크란'이 열리는 장소로도 유명해, 축제 기간 동안 건강과 복을 기원하며 서로에게 물을 뿌리는 이색적인 광경도 볼 수 있다.",Triple,0.65477366,0.2162683,0.22947837,"거리, 밤, 활기차다, 공연, 다양하다",https://youimg1.tripcdn.com/target/0101t1200083ftf1a399B_C_760_506_Q70.jpg?proc=source%2ftrip,0,,thailand_thanon-bangla_origin.csv
thailand_03,태국,푸켓 사이먼 카바레 쇼,Simon Cabaret Phuket,"사이먼 쇼는 푸켓의 가장 대표적인 공연 중 하나로, 1991년 오픈 이후 지금까지 푸켓만의 특화된 공연으로 계속 발전해 왔습니다. 사이먼 쇼는 다이나믹하고 허를 찌르는 위트와 유머가 넘치며, 웅장한 규모와 각 파트의 다양하고 풍부한 디테일을 자랑합니다. 중국, 인도, 이집트, 구미, 아프리카 등 국가와 지역의 요소들을 절묘히 융합함과 동시에 최신 유행하는 노래와 춤을 접목시켜 끊임없이 새로운 콘텐츠를 제공합니다. 동작 하나하나에서 느껴지는 여성스러움은 쇼를 감상하는 실제 여성들마저도 감탄과 박수가 절로 나오게 합니다.",trip.com,1,0.27370591,0.14780237,"공연, 쇼, 사진, 레이디, 아름답다",https://youimg1.tripcdn.com/target/100510000000plplj8640_C_760_506_Q70.jpg?proc=source%2ftrip,0,,thailand_Simon Cabaret Phuket_origin.csv
thailand_04,태국,에라완 사당,Erawan Shrine,"에라완 신사, 공식적으로 타오 마하 프롬 신사는 태국 방콕에 있는 힌두교 창조의 신 브라흐마의 태국 대표인 프라 프롬의 동상을 보관하고 있는 사당입니다. 그 이름은 또한 불교 우주론에서 브라흐마 왕국의 통치자인 마하브라마를 지칭할 수도 있습니다. 그 신은 힌두교의 종교적 맥락 밖에서 대중적으로 숭배되지만, 태국 애니미즘 신앙에서 수호신의 표현으로 더 많이, 그럼에도 불구하고 그 사당은 힌두교와 불교 사이의 혼합주의의 예를 보여줍니다. 그 사당은 종종 그들의 기도가 신사에서 답하는 것을 보는 대가로 숭배자들에 의해 고용된 태국 무용단의 공연을 특징으로 합니다.",위키백과,0.87920973,0.44020709,0.70867913,"부처, 소원, 향, 숭배, 예배",https://youimg1.tripcdn.com/target/100k0z000000nj3ye9B5C_C_760_506_Q70.jpg?proc=source%2ftrip,0,,thailand_erawan-shrine_origin.csv
malaysia_01,말레이시아,코타키나발루 시립 모스크,Kota Kinabalu City Mosque,코타키나발루 시립 모스크(Kota Kinabalu City Mosque)로 알려진 부유 모스크(Floating Mosque)는 코타키나발루 중심지의 북동쪽에 있는 리카스만 해안에 위치해 있습니다. 현대 이슬람 건축의 전형적이 예를 보여주는 이 모스크에서는 잊을 수 없는 일몰을 즐길 수 있을 것입니다. 맑고 푸른 하늘을 배경으로 주변 호수에 흰 모스크가 비친 모습은 놀라울 정도로 아름답습니다.,trip.com,0.41566926,0.35020816,0.38719026,"아름답다, 사진, 옷, 물, 건물",https://youimg1.tripcdn.com/target/10040y000000m3dtw1D75_C_760_506_Q70.jpg?proc=source%2ftrip,0,,malaysia_Kota-Kinabalu-City-Mosque_origin.csv
czechrepublic_01,체코,카를교,Charles bridge,"카렐교(체코어: Karlův most)는 체코 프라하 블타바 강 위에 있는 다리이다. 신성 로마 제국의 황제이자 보헤미아 왕국의 국왕인 카를 4세의 통치 아래 1357년에 건설이 시작되어 1402년에 완성되었다. 1841년까지 프라하 올드타운과 그 주변을 잇는 유일한 다리였다. 또한 서유럽 동유럽의 교역 루트로 프라하가 중요한 지위를 차지하게 되었다. 처음에는 단순히 돌다리(Kamenný most)라고 했지만 1870년부터 카렐교로 불리게 되었다. 1841년까지는 프라하에서 블타바 강을 가로지르는 유일한 다리였기 때문에, 프라하 성과 구시가지(스타레메스토)를 잇는 중요한 교통의 요지였다. 이러한 점때문에 프라하는 서유럽과 동유럽을 잇는 주요 교역루트로 발전할 수 있었다. 카를교는 길이 621m, 너비 약 10m로 16개의 아치로 다리 상판이 지탱되고 있다. 3개의 교탑이 카를교를 지키고 있는데, 이 중 2개는 말라스트라나에 있고, 1개는 스타레메스토(구시가지)에 있다. 구시가지 교탑은 고딕 건축 양식의 진수를 보여준다는 평가를 받는다. 다리 위의 상판은 30개의 조각상으로 장식되어 있는데, 대부분이 바로크 양식으로 만들어졌다. 원래 1700년대에 만들어졌으나, 현재는 레플리카로 다 교체되었다. 카를교는 얀 네포무츠키(네포무크의 요한) 신부가 대주교와 대립하던 보헤미아의 왕 바츨라프 4세에 의해 처형 당한 장소로서 관광객들이 그가 떨어진 장소에 있는 그의 조각상을 만지며 소원을 비는 곳으로도 유명하다. 특히 정사와 달리, 바츨라프 4세가 아내인 요안나를 의심하였는데 왕비가 얀 네포무츠키 신부에게 고해성사를 한 뒤, 얀 네포무츠키 신부를 불러 아내의 부정을 물었으나, 신부가 입을 다물고, 누군가에게 말한다면 왕의 곁에 있는 개에게만 말하겠다고 한 사건으로 강에 던져졌으나, 한 달 뒤에 부패하지 않은 채로 떠올랐다는 야사가 전해진다. 프라하 곳곳에 이에 관한 그림과 글이 있고, 관광객들은 카를교 위의 강아지(배우자가 자신에게 충성하길 바라는 소원), 요안나 왕비(프라하로 돌아오겠다는 소원), 네포무츠키 신부 등을 만지며 소원을 빈다.",위키백과,0.59631918,0.5509374,0.29653542,"아름답다, 강, 동상, 역사, 풍경",https://youimg1.tripcdn.com/target/10040m000000de6t4F9F7_C_760_506_Q70.jpg?proc=source%2ftrip,0,,czechrepublic_Charles-bridge_origin.csv
italy_01,이탈리아,카날그란데,Grand Canal ,"카날 그란데(이탈리아어: Canal Grande)는 이탈리아 베네치아에 위치한 운하이다. 예부터 수상 교통의 중심 역할을 해왔다. 대중 교통 수단으로는 수상 버스(바포레토)와 사설 수상 택시가 운행되고 있다. 추가적으로 많은 관광객들은 곤돌라로도 이용한다. 운하의 한쪽 끝은 베네치아 산타 루치아 기차역 인근 석호로 이어지고 나머지쪽은 산마르코로 이어진다. 총길이는 3.8km, 폭은 30-90m, 평균 수심은 5m이다.",위키백과,0.57075863,0.43825978,0.26947645,"대운하, 아름답다, 보트, 수로, 곤돌라",https://youimg1.tripcdn.com/target/100h14000000w0w1bF35B_C_760_506_Q70.jpg?proc=source%2ftrip,0,,Italy_canal-grande_origin.csv
singapore_01,싱가포르,센토사섬,Sentosa,"센토사섬(Sentosa)은 싱가포르의 유명한 휴양지이다. ""센토사""는 말레이어로 ""평화와 고요함""을 뜻한다. 이전에는 ""풀라우 벨라칸 마티""라고 했다. ""풀라우 벨라칸 마티""는 말레이어로 ""죽은 섬""이라는 뜻이다.싱가포르의 남쪽에 위치하며 동양 최대의 해양수족관을 비롯하여 분수쇼를 볼 수 있는 분수, 예쁜 난꽃을 가꿔놓은 오키드 가든, 아시아 사람들의 생활상을 그대로 재현한 아시안 빌리지 등 다양한 볼거리가 가득하다. 그 밖에도 어린이들을 위한 판타지 아일랜드, 넓고 흰 모래사장이 펼쳐지는 센트럴 비치와 자전거 하이킹을 즐길 수 있는 코스, 볼케이노 랜드 등 센토사 섬은 ‘작은 놀이왕국’이다. 남쪽 해안에는 실로소·센트럴·탄종해변 등의 휴양시설이 있고, 관광 명소로서 각종 해양 스포츠 시설이 구비되어 있다.",위키백과,0.44368619,0.4734618,0.63367921,"유니버셜스튜디오, 해변, 아름답다, 리조트, 명소",https://youimg1.tripcdn.com/target/100chk124d9ofzi8xF081_C_760_506_Q70.jpg?proc=source%2ftrip,0,,singapore_sentosa_origin.csv
singapore_02,싱가포르,가든스 바이 더 베이,Gardens by the Bay,"싱가포르에서 꼭 방문해야 할 명소인 도심 속 휴식처, 싱가포르 가든스 바이 더 베이! 이곳은 싱가포르의 도심 속에 위치한 정원으로, 베이 사우스 가든, 베이 이스트 가든 및 베이 센트럴 가든으로 구성되어있어요. 낮에는 온실 두 곳에서 다양한 식물을 관찰해보고, 저녁에는 멋진 라이트 쇼로 빛나는 아름다운 야경을 즐겨보세요. 가든스 바이 더 베이에서 이제껏 만나보지 못한 신기하고 다양한 식물들을 만나보세요.",trip.com,0.35377485,0.59154617,0.28843486,"정원, 꽃, 식물, 밤, 돔",https://youimg1.tripcdn.com/target/10080z000000mn56sAF7F_C_760_506_Q70.jpg?proc=source%2ftrip,0,,singapore_Gardens-by-the-Bay_origin.csv
